keyword,title,company,location,career,education,work_type,deadline,link,rec_idx,crawled_at
병원 데이터,에스디바이오센서(주) 마케팅/영업 분야 수시채용,에스디바이오센서(주),"['경기', '용인시 기흥구']",경력무관,대졸↑,정규직,~ 09/14(일),/zf_user/jobs/relay/view?view_type=search&rec_idx=51648910&location=ts&searchword=%EB%B3%91%EC%9B%90+%EB%8D%B0%EC%9D%B4%ED%84%B0&searchType=search&paid_fl=n&search_uuid=069236eb-4fb8-429b-aba3-b49939ae20ca,51648910,2025-09-02 05:55:54
PM,[베이글랩스] 디지털치료기기(DTx)PM모집,(주)베이글랩스,"['서울', '서초구']",경력5년↑,학력무관,정규직,~ 09/05(금),/zf_user/jobs/relay/view?view_type=search&rec_idx=51222449&location=ts&searchword=PM&searchType=search&paid_fl=n&search_uuid=bd938640-1482-48ff-865c-4de080535c33,51222449,2025-09-02 05:55:56
PM,(주)윕스 웹 서비스 기획자 모집 (경력직),(주)윕스,"['서울', '마포구']",경력1년↑,대졸↑,정규직,~ 09/04(목),/zf_user/jobs/relay/view?view_type=search&rec_idx=51626058&location=ts&searchword=PM&searchType=search&paid_fl=n&search_uuid=bd938640-1482-48ff-865c-4de080535c33,51626058,2025-09-02 05:55:56
PM,디지털 콘텐츠 총괄매니저(경력) 채용,(주)아이포트폴리오,"['서울', '강서구']",경력5년↑,학력무관,정규직,~ 09/14(일),/zf_user/jobs/relay/view?view_type=search&rec_idx=51311057&location=ts&searchword=PM&searchType=search&paid_fl=n&search_uuid=bd938640-1482-48ff-865c-4de080535c33,51311057,2025-09-02 05:55:56
PM,[Yanolja NEXT] Product Manager,(주)야놀자,"['서울', '강남구']",경력5년↑,학력무관,정규직,채용시,/zf_user/jobs/relay/view?view_type=search&rec_idx=51499522&location=ts&searchword=PM&searchType=search&paid_fl=n&search_uuid=bd938640-1482-48ff-865c-4de080535c33,51499522,2025-09-02 05:55:56
PM,태그바이컴퍼니(주) 인플루언서 커머스 MD 모집,태그바이컴퍼니(주),"['서울', '강남구']",경력 2~15년,학력무관,정규직,~ 10/19(일),/zf_user/jobs/relay/view?view_type=search&rec_idx=51603323&location=ts&searchword=PM&searchType=search&paid_fl=n&search_uuid=bd938640-1482-48ff-865c-4de080535c33,51603323,2025-09-02 05:55:56
PM,태그바이컴퍼니(주) 인플루언서 커머스 MD(신입) 모집,태그바이컴퍼니(주),"['서울', '강남구']",신입,학력무관,정규직,~ 09/20(토),/zf_user/jobs/relay/view?view_type=search&rec_idx=51620465&location=ts&searchword=PM&searchType=search&paid_fl=n&search_uuid=bd938640-1482-48ff-865c-4de080535c33,51620465,2025-09-02 05:55:56
헬스케어,"[고속성장헬스케어스타트업] 각 부문 채용 (RA, AI, 영업 등)",아크리얼(주),"['서울', '강남구']",경력무관,대졸↑,정규직,~ 09/19(금),/zf_user/jobs/relay/view?view_type=search&rec_idx=51615245&location=ts&searchword=%ED%97%AC%EC%8A%A4%EC%BC%80%EC%96%B4&searchType=search&paid_fl=n&search_uuid=3a3c0aaa-5f54-4407-a76a-c436b7857101,51615245,2025-09-02 05:55:59
헬스케어,"서비스 기획[WEHAGO,헬스케어, 반려동물EMR]경력직 채용",(주)더존비즈온,"['서울', '중구']",경력,학력무관,정규직,~ 09/14(일),/zf_user/jobs/relay/view?view_type=search&rec_idx=51639812&location=ts&searchword=%ED%97%AC%EC%8A%A4%EC%BC%80%EC%96%B4&searchType=search&paid_fl=n&search_uuid=3a3c0aaa-5f54-4407-a76a-c436b7857101,51639812,2025-09-02 05:55:59
헬스케어,[코스닥상장/주4.5일]에스지헬스케어품질보증팀 QC파트 채용,(주)에스지헬스케어,"['경기', '이천시']",경력2년↑,초대졸↑,정규직,~ 10/01(수),/zf_user/jobs/relay/view?view_type=search&rec_idx=51707565&location=ts&searchword=%ED%97%AC%EC%8A%A4%EC%BC%80%EC%96%B4&searchType=search&paid_fl=n&search_uuid=3a3c0aaa-5f54-4407-a76a-c436b7857101,51707565,2025-09-02 05:55:59
헬스케어,[아이디헬스케어그룹] 경영관리 본부장 채용,(주)아이디헬스케어그룹,"['서울', '강남구']",경력10년↑,대졸↑,정규직,~ 09/24(수),/zf_user/jobs/relay/view?view_type=search&rec_idx=51644010&location=ts&searchword=%ED%97%AC%EC%8A%A4%EC%BC%80%EC%96%B4&searchType=search&paid_fl=n&search_uuid=3a3c0aaa-5f54-4407-a76a-c436b7857101,51644010,2025-09-02 05:55:59
헬스케어,[고성장/벤처기업]헬스케어테크 기업 CTO 정규직 채용,(주)사람인에이치에스,"['서울', '동대문구']",경력5년↑,대졸↑,정규직,채용시,/zf_user/jobs/relay/view?view_type=search&rec_idx=51670914&location=ts&searchword=%ED%97%AC%EC%8A%A4%EC%BC%80%EC%96%B4&searchType=search&paid_fl=n&search_uuid=3a3c0aaa-5f54-4407-a76a-c436b7857101,51670914,2025-09-02 05:55:59
헬스케어,[미래컴퍼니/서울]헬스케어(의료기기) - PM(Product Manager),(주)미래컴퍼니,"['서울', '송파구']",경력3년↑,대졸↑,정규직,~ 09/25(목),/zf_user/jobs/relay/view?view_type=search&rec_idx=51655560&location=ts&searchword=%ED%97%AC%EC%8A%A4%EC%BC%80%EC%96%B4&searchType=search&paid_fl=n&search_uuid=3a3c0aaa-5f54-4407-a76a-c436b7857101,51655560,2025-09-02 05:55:59
헬스케어,의약품사업본부헬스케어팀 팀장 채용,(주)엔지켐생명과학,"['서울', '서초구']",경력 10~20년,고졸↑,정규직,~ 09/20(토),/zf_user/jobs/relay/view?view_type=search&rec_idx=51626594&location=ts&searchword=%ED%97%AC%EC%8A%A4%EC%BC%80%EC%96%B4&searchType=search&paid_fl=n&search_uuid=3a3c0aaa-5f54-4407-a76a-c436b7857101,51626594,2025-09-02 05:55:59
헬스케어,대원헬스케어(주) 품질관리팀 신입·경력 모집,대원헬스케어(주),"['충남', '예산군']",경력무관,학력무관,정규직,~ 09/24(수),/zf_user/jobs/relay/view?view_type=search&rec_idx=51647179&location=ts&searchword=%ED%97%AC%EC%8A%A4%EC%BC%80%EC%96%B4&searchType=search&paid_fl=n&search_uuid=3a3c0aaa-5f54-4407-a76a-c436b7857101,51647179,2025-09-02 05:55:59
헬스케어,[에이스헬스케어(주)] 옥천공장 물류관리 담당자 채용,에이스헬스케어(주),"['충북', '옥천군']",경력 1~5년,고졸↑,정규직,내일마감,/zf_user/jobs/relay/view?view_type=search&rec_idx=51465703&location=ts&searchword=%ED%97%AC%EC%8A%A4%EC%BC%80%EC%96%B4&searchType=search&paid_fl=n&search_uuid=3a3c0aaa-5f54-4407-a76a-c436b7857101,51465703,2025-09-02 05:55:59
헬스케어,비엘헬스케어의약품 물류팀 정규직 인재채용(재고관리/배송).,(주)비엘헬스케어,"['대구', '동구']",경력무관,고졸↑,정규직,~ 10/17(금),/zf_user/jobs/relay/view?view_type=search&rec_idx=51574406&location=ts&searchword=%ED%97%AC%EC%8A%A4%EC%BC%80%EC%96%B4&searchType=search&paid_fl=n&search_uuid=3a3c0aaa-5f54-4407-a76a-c436b7857101,51574406,2025-09-02 05:55:59
헬스케어,HLB(주)헬스케어품질경영본부 채용,에이치엘비(주)헬스케어,['세종특별자치시'],경력5년↑,학력무관,정규직,~ 10/03(금),/zf_user/jobs/relay/view?view_type=search&rec_idx=51459341&location=ts&searchword=%ED%97%AC%EC%8A%A4%EC%BC%80%EC%96%B4&searchType=search&paid_fl=n&search_uuid=3a3c0aaa-5f54-4407-a76a-c436b7857101,51459341,2025-09-02 05:55:59
헬스케어,[(주)퍼슨헬스케어] 인사팀 경력 채용,(주)퍼슨헬스케어,"['서울', '금천구']",경력 4~5년,대졸↑,정규직,~ 09/27(토),/zf_user/jobs/relay/view?view_type=search&rec_idx=51675542&location=ts&searchword=%ED%97%AC%EC%8A%A4%EC%BC%80%EC%96%B4&searchType=search&paid_fl=n&search_uuid=3a3c0aaa-5f54-4407-a76a-c436b7857101,51675542,2025-09-02 05:55:59
헬스케어,헬스케어코칭 상담 영양사 모집,(주)닥터다이어리,"['서울', '강남구']",신입·경력,초대졸↑,정규직,~ 09/05(금),/zf_user/jobs/relay/view?view_type=search&rec_idx=51500472&location=ts&searchword=%ED%97%AC%EC%8A%A4%EC%BC%80%EC%96%B4&searchType=search&paid_fl=n&search_uuid=3a3c0aaa-5f54-4407-a76a-c436b7857101,51500472,2025-09-02 05:55:59
헬스케어,(주)더웨이헬스케어임상시험 CRA 신입 & 경력자 모집,(주)더웨이헬스케어,"['서울', '서초구']",신입·경력,대졸↑,정규직,채용시,/zf_user/jobs/relay/view?view_type=search&rec_idx=51266825&location=ts&searchword=%ED%97%AC%EC%8A%A4%EC%BC%80%EC%96%B4&searchType=search&paid_fl=n&search_uuid=3a3c0aaa-5f54-4407-a76a-c436b7857101,51266825,2025-09-02 05:55:59
헬스케어,멕헬스케어B&C(경력/신입) 계약직 채용,(주)멕헬스케어,"['서울', '마포구']",경력무관,학력무관,정규직,~ 09/27(토),/zf_user/jobs/relay/view?view_type=search&rec_idx=51680289&location=ts&searchword=%ED%97%AC%EC%8A%A4%EC%BC%80%EC%96%B4&searchType=search&paid_fl=n&search_uuid=3a3c0aaa-5f54-4407-a76a-c436b7857101,51680289,2025-09-02 05:55:59
헬스케어,디케이헬스케어의료기기 인허가팀 품질관리 정규직 채용,디케이헬스케어(주),"['서울', '서초구']",경력무관,대졸↑,정규직,~ 10/24(금),/zf_user/jobs/relay/view?view_type=search&rec_idx=51643944&location=ts&searchword=%ED%97%AC%EC%8A%A4%EC%BC%80%EC%96%B4&searchType=search&paid_fl=n&search_uuid=3a3c0aaa-5f54-4407-a76a-c436b7857101,51643944,2025-09-02 05:55:59
헬스케어,[스포애니 케이디헬스케어] 중대재해예방 안전관리 팀장 채용,(주)케이디헬스케어,"['서울', '송파구']",경력3년↑,초대졸↑,정규직,채용시,/zf_user/jobs/relay/view?view_type=search&rec_idx=51583809&location=ts&searchword=%ED%97%AC%EC%8A%A4%EC%BC%80%EC%96%B4&searchType=search&paid_fl=n&search_uuid=3a3c0aaa-5f54-4407-a76a-c436b7857101,51583809,2025-09-02 05:55:59
헬스케어,[헬스케어/인사총무] HR/GA Senior,로버트월터스코리아(주),"['서울', '중구']",경력,대졸↑,정규직,채용시,/zf_user/jobs/relay/view?view_type=search&rec_idx=51657096&location=ts&searchword=%ED%97%AC%EC%8A%A4%EC%BC%80%EC%96%B4&searchType=search&paid_fl=n&search_uuid=3a3c0aaa-5f54-4407-a76a-c436b7857101,51657096,2025-09-02 05:55:59
헬스케어,동국헬스케어엠앤아이(주) 재무회계 담당 모집,동국헬스케어엠앤아이(주),"['서울', '강남구']",경력 3~5년,대졸↑,정규직,채용시,/zf_user/jobs/relay/view?view_type=search&rec_idx=51711208&location=ts&searchword=%ED%97%AC%EC%8A%A4%EC%BC%80%EC%96%B4&searchType=search&paid_fl=n&search_uuid=3a3c0aaa-5f54-4407-a76a-c436b7857101,51711208,2025-09-02 05:55:59
헬스케어,누리헬스케어대구지사 납품/배송기사 신입 채용,누리헬스케어,"['대구', '북구']",경력무관,학력무관,정규직,채용시,/zf_user/jobs/relay/view?view_type=search&rec_idx=51467700&location=ts&searchword=%ED%97%AC%EC%8A%A4%EC%BC%80%EC%96%B4&searchType=search&paid_fl=n&search_uuid=3a3c0aaa-5f54-4407-a76a-c436b7857101,51467700,2025-09-02 05:55:59
헬스케어,헬스케어·의료기기 유통/브랜딩 온라인사업팀 채용공고,한백엠트레이드,"['인천', '부평구']",신입·경력,학력무관,정규직,~ 09/21(일),/zf_user/jobs/relay/view?view_type=search&rec_idx=51463168&location=ts&searchword=%ED%97%AC%EC%8A%A4%EC%BC%80%EC%96%B4&searchType=search&paid_fl=n&search_uuid=3a3c0aaa-5f54-4407-a76a-c436b7857101,51463168,2025-09-02 05:55:59
헬스케어,[미래컴퍼니/서울]헬스케어(의료기기) - 임상연구,(주)미래컴퍼니,"['서울', '송파구']",경력2년↑,대졸↑,정규직,~ 09/10(수),/zf_user/jobs/relay/view?view_type=search&rec_idx=51521581&location=ts&searchword=%ED%97%AC%EC%8A%A4%EC%BC%80%EC%96%B4&searchType=search&paid_fl=n&search_uuid=3a3c0aaa-5f54-4407-a76a-c436b7857101,51521581,2025-09-02 05:55:59
헬스케어,[업계상위/연봉상향]헬스케어/식품 브랜드 컨설턴트 채용,(주)사람인에이치에스,"['서울', '성동구']",경력1년↑,대졸↑,정규직,채용시,/zf_user/jobs/relay/view?view_type=search&rec_idx=51631467&location=ts&searchword=%ED%97%AC%EC%8A%A4%EC%BC%80%EC%96%B4&searchType=search&paid_fl=n&search_uuid=3a3c0aaa-5f54-4407-a76a-c436b7857101,51631467,2025-09-02 05:55:59
헬스케어,메디통-헬스케어그래픽·웹디자이너 인력 채용(주임.대리급),이유엔(주)-메디통,"['서울', '영등포구']",경력5년↑,대졸↑,정규직,~ 10/26(일),/zf_user/jobs/relay/view?view_type=search&rec_idx=51669032&location=ts&searchword=%ED%97%AC%EC%8A%A4%EC%BC%80%EC%96%B4&searchType=search&paid_fl=n&search_uuid=3a3c0aaa-5f54-4407-a76a-c436b7857101,51669032,2025-09-02 05:55:59
헬스케어,웰니스헬스케어센터 관리자(점장) 채용,(주)바이오컴,"['서울', '강서구']",경력무관,학력무관,정규직,~ 09/24(수),/zf_user/jobs/relay/view?view_type=search&rec_idx=51642348&location=ts&searchword=%ED%97%AC%EC%8A%A4%EC%BC%80%EC%96%B4&searchType=search&paid_fl=n&search_uuid=3a3c0aaa-5f54-4407-a76a-c436b7857101,51642348,2025-09-02 05:55:59
헬스케어,석·박사급 연구원 (AI헬스케어연구개발),하이퍼브레인(주),"['서울', '영등포구']",경력8년↑,석사↑,정규직·계약직,~ 10/01(수),/zf_user/jobs/relay/view?view_type=search&rec_idx=51701353&location=ts&searchword=%ED%97%AC%EC%8A%A4%EC%BC%80%EC%96%B4&searchType=search&paid_fl=n&search_uuid=3a3c0aaa-5f54-4407-a76a-c436b7857101,51701353,2025-09-02 05:55:59
헬스케어,디지털헬스케어제품 기획,(주)브레디스헬스케어,"['서울', '성동구']",경력3년↑,고졸↑,정규직,~ 09/12(금),/zf_user/jobs/relay/view?view_type=search&rec_idx=51553099&location=ts&searchword=%ED%97%AC%EC%8A%A4%EC%BC%80%EC%96%B4&searchType=search&paid_fl=n&search_uuid=3a3c0aaa-5f54-4407-a76a-c436b7857101,51553099,2025-09-02 05:55:59
헬스케어,"에이스헬스케어(주) HW, FW 개발자 채용",에이스헬스케어(주),"['서울', '강동구']",경력 5~15년,대졸↑,정규직,~ 09/17(수),/zf_user/jobs/relay/view?view_type=search&rec_idx=51582557&location=ts&searchword=%ED%97%AC%EC%8A%A4%EC%BC%80%EC%96%B4&searchType=search&paid_fl=n&search_uuid=3a3c0aaa-5f54-4407-a76a-c436b7857101,51582557,2025-09-02 05:55:59
헬스케어,[피플앤드테크놀러지] 디지털헬스케어SE담당자 채용,(주)피플앤드테크놀러지,"['서울', '강남구']",신입·경력,학력무관,정규직,내일마감,/zf_user/jobs/relay/view?view_type=search&rec_idx=51464498&location=ts&searchword=%ED%97%AC%EC%8A%A4%EC%BC%80%EC%96%B4&searchType=search&paid_fl=n&search_uuid=3a3c0aaa-5f54-4407-a76a-c436b7857101,51464498,2025-09-02 05:55:59
헬스케어,디지털헬스케어기기 기업부설연구소 H/W엔지니어 모집,(주)스킨사이언스,"['경기', '성남시 분당구']",경력5년↑,대졸↑,정규직,~ 09/15(월),/zf_user/jobs/relay/view?view_type=search&rec_idx=51666615&location=ts&searchword=%ED%97%AC%EC%8A%A4%EC%BC%80%EC%96%B4&searchType=search&paid_fl=n&search_uuid=3a3c0aaa-5f54-4407-a76a-c436b7857101,51666615,2025-09-02 05:55:59
헬스케어,(주)파이헬스케어프론트엔드 개발자 모집,(주)파이헬스케어,"['경기', '수원시 장안구']",경력무관,학력무관,정규직,~ 10/17(금),/zf_user/jobs/relay/view?view_type=search&rec_idx=51577756&location=ts&searchword=%ED%97%AC%EC%8A%A4%EC%BC%80%EC%96%B4&searchType=search&paid_fl=n&search_uuid=3a3c0aaa-5f54-4407-a76a-c436b7857101,51577756,2025-09-02 05:55:59
헬스케어,디지털헬스케어플랫폼 SW개발자,(주)엑소시스템즈,"['경기', '성남시']",경력 3~7년,대졸↑,정규직,~ 09/23(화),/zf_user/jobs/relay/view?view_type=search&rec_idx=51644367&location=ts&searchword=%ED%97%AC%EC%8A%A4%EC%BC%80%EC%96%B4&searchType=search&paid_fl=n&search_uuid=3a3c0aaa-5f54-4407-a76a-c436b7857101,51644367,2025-09-02 05:55:59
헬스케어,쇼핑몰/헬스케어서비스 개발자,보미오라한의원,"['서울', '강남구']",경력 3~10년,초대졸↑,정규직,~ 09/10(수),/zf_user/jobs/relay/view?view_type=search&rec_idx=51526164&location=ts&searchword=%ED%97%AC%EC%8A%A4%EC%BC%80%EC%96%B4&searchType=search&paid_fl=n&search_uuid=3a3c0aaa-5f54-4407-a76a-c436b7857101,51526164,2025-09-02 05:55:59
헬스케어,"Nest.js,Express/헬스케어스타트업 백엔드 개발자 채용",(주)디지털뉴트리션,"['서울', '강서구']",경력 1~20년,학력무관,정규직,~ 10/24(금),/zf_user/jobs/relay/view?view_type=search&rec_idx=51639717&location=ts&searchword=%ED%97%AC%EC%8A%A4%EC%BC%80%EC%96%B4&searchType=search&paid_fl=n&search_uuid=3a3c0aaa-5f54-4407-a76a-c436b7857101,51639717,2025-09-02 05:55:59
헬스케어,디지털헬스케어서비스 기획자 (PM) 모집,(주)탈로스,"['서울', '서초구']",경력 2~5년,학력무관,정규직,채용시,/zf_user/jobs/relay/view?view_type=search&rec_idx=51498681&location=ts&searchword=%ED%97%AC%EC%8A%A4%EC%BC%80%EC%96%B4&searchType=search&paid_fl=n&search_uuid=3a3c0aaa-5f54-4407-a76a-c436b7857101,51498681,2025-09-02 05:55:59
헬스케어,헬스케어약국 사업부 서버 개발자 (경력) 채용,(주)헬스포트,"['서울', '성동구']",경력6년↑,학력무관,정규직,~ 09/25(목),/zf_user/jobs/relay/view?view_type=search&rec_idx=51656096&location=ts&searchword=%ED%97%AC%EC%8A%A4%EC%BC%80%EC%96%B4&searchType=search&paid_fl=n&search_uuid=3a3c0aaa-5f54-4407-a76a-c436b7857101,51656096,2025-09-02 05:55:59
헬스케어,'스마트헬스케어센터'의 구축지원 및 유지보수업무 담당자모심,(주)킨더윌알파,"['서울', '노원구']",경력무관,초대졸↑,정규직,~ 09/16(화),/zf_user/jobs/relay/view?view_type=search&rec_idx=51572736&location=ts&searchword=%ED%97%AC%EC%8A%A4%EC%BC%80%EC%96%B4&searchType=search&paid_fl=n&search_uuid=3a3c0aaa-5f54-4407-a76a-c436b7857101,51572736,2025-09-02 05:55:59
헬스케어,스마트헬스케어플랫폼 디바이스 - 웹/앱 개발자(풀스택) 채용,(주)노블링크,"['경기', '화성시']",경력 1~5년,초대졸↑,정규직,~ 10/24(금),/zf_user/jobs/relay/view?view_type=search&rec_idx=51638717&location=ts&searchword=%ED%97%AC%EC%8A%A4%EC%BC%80%EC%96%B4&searchType=search&paid_fl=n&search_uuid=3a3c0aaa-5f54-4407-a76a-c436b7857101,51638717,2025-09-02 05:55:59
헬스케어,헬스케어브랜드 해외영업팀 팀장 채용,(주)온누리스토어,"['서울', '양천구']",경력7년↑,고졸↑,정규직,~ 09/23(화),/zf_user/jobs/relay/view?view_type=search&rec_idx=51644015&location=ts&searchword=%ED%97%AC%EC%8A%A4%EC%BC%80%EC%96%B4&searchType=search&paid_fl=n&search_uuid=3a3c0aaa-5f54-4407-a76a-c436b7857101,51644015,2025-09-02 05:55:59
헬스케어,헬스케어브랜드 해외영업팀 채용,(주)온누리스토어,"['서울', '양천구']",경력5년↑,고졸↑,정규직,~ 09/23(화),/zf_user/jobs/relay/view?view_type=search&rec_idx=51644000&location=ts&searchword=%ED%97%AC%EC%8A%A4%EC%BC%80%EC%96%B4&searchType=search&paid_fl=n&search_uuid=363e309a-264b-401f-9bf0-475b82835ffa,51644000,2025-09-02 05:56:00
헬스케어,[헬스케어IT]  본사 IR 담당,(주)맨파워코리아,"['서울', '구로구']",경력3년↑,대졸↑,정규직,~ 09/16(화),/zf_user/jobs/relay/view?view_type=search&rec_idx=51709763&location=ts&searchword=%ED%97%AC%EC%8A%A4%EC%BC%80%EC%96%B4&searchType=search&paid_fl=n&search_uuid=363e309a-264b-401f-9bf0-475b82835ffa,51709763,2025-09-02 05:56:00
헬스케어,Healthcare Field Sales Manager (외국계 포워딩헬스케어영업),지오디스코리아(주),"['서울', '영등포구']",경력5년↑,대졸↑,정규직,채용시,/zf_user/jobs/relay/view?view_type=search&rec_idx=51522496&location=ts&searchword=%ED%97%AC%EC%8A%A4%EC%BC%80%EC%96%B4&searchType=search&paid_fl=n&search_uuid=363e309a-264b-401f-9bf0-475b82835ffa,51522496,2025-09-02 05:56:00
헬스케어,[미래컴퍼니/서울]헬스케어(의료기기) - 해외영업 팀장,(주)미래컴퍼니,"['서울', '송파구']",경력10년↑,대졸↑,정규직,내일마감,/zf_user/jobs/relay/view?view_type=search&rec_idx=51459083&location=ts&searchword=%ED%97%AC%EC%8A%A4%EC%BC%80%EC%96%B4&searchType=search&paid_fl=n&search_uuid=363e309a-264b-401f-9bf0-475b82835ffa,51459083,2025-09-02 05:56:00
헬스케어,(주)유유헬스케어품질관리팀 채용 (신입/경력),(주)유유헬스케어,"['강원', '횡성군']",경력무관,대졸↑,정규직,오늘마감,/zf_user/jobs/relay/view?view_type=search&rec_idx=51209647&location=ts&searchword=%ED%97%AC%EC%8A%A4%EC%BC%80%EC%96%B4&searchType=search&paid_fl=n&search_uuid=363e309a-264b-401f-9bf0-475b82835ffa,51209647,2025-09-02 05:56:00
헬스케어,오상헬스케어-Europe Team-해외영업 직무 채용,(주)오상헬스케어,"['경기', '안양시 동안구']",경력무관,학력무관,정규직,~ 09/06(토),/zf_user/jobs/relay/view?view_type=search&rec_idx=51236645&location=ts&searchword=%ED%97%AC%EC%8A%A4%EC%BC%80%EC%96%B4&searchType=search&paid_fl=n&search_uuid=363e309a-264b-401f-9bf0-475b82835ffa,51236645,2025-09-02 05:56:00
헬스케어,(주)유유헬스케어생산2파트 생산 설비 오퍼레이터 인원 채용,(주)유유헬스케어,"['강원', '횡성군']",경력무관,학력무관,정규직,~ 10/27(월),/zf_user/jobs/relay/view?view_type=search&rec_idx=51676224&location=ts&searchword=%ED%97%AC%EC%8A%A4%EC%BC%80%EC%96%B4&searchType=search&paid_fl=n&search_uuid=363e309a-264b-401f-9bf0-475b82835ffa,51676224,2025-09-02 05:56:00
헬스케어,[코스닥상장/주4.5일] 에스지헬스케어구매자재팀(중국어) 채용,(주)에스지헬스케어,"['서울', '송파구']",경력1년↑,학력무관,정규직,~ 09/20(토),/zf_user/jobs/relay/view?view_type=search&rec_idx=51612685&location=ts&searchword=%ED%97%AC%EC%8A%A4%EC%BC%80%EC%96%B4&searchType=search&paid_fl=n&search_uuid=363e309a-264b-401f-9bf0-475b82835ffa,51612685,2025-09-02 05:56:00
헬스케어,[코스닥 상장/주4.5일] 에스지헬스케어의료기기 기술팀 채용,(주)에스지헬스케어,"['서울', '송파구']",신입·경력,초대졸↑,정규직,~ 09/25(목),/zf_user/jobs/relay/view?view_type=search&rec_idx=51652383&location=ts&searchword=%ED%97%AC%EC%8A%A4%EC%BC%80%EC%96%B4&searchType=search&paid_fl=n&search_uuid=363e309a-264b-401f-9bf0-475b82835ffa,51652383,2025-09-02 05:56:00
헬스케어,대원헬스케어(주) 건강기능식품 생산직(신입/경력) 모집,대원헬스케어(주),"['충남', '예산군']",경력무관,학력무관,정규직,~ 09/20(토),/zf_user/jobs/relay/view?view_type=search&rec_idx=51613432&location=ts&searchword=%ED%97%AC%EC%8A%A4%EC%BC%80%EC%96%B4&searchType=search&paid_fl=n&search_uuid=363e309a-264b-401f-9bf0-475b82835ffa,51613432,2025-09-02 05:56:00
헬스케어,[서울] 의약품사업본부헬스케어팀 팀장(총괄) 모집(10년 이상),(주)엔지켐생명과학,"['서울', '서초구']",경력 10~20년,학력무관,정규직,~ 09/08(월),/zf_user/jobs/relay/view?view_type=search&rec_idx=51626515&location=ts&searchword=%ED%97%AC%EC%8A%A4%EC%BC%80%EC%96%B4&searchType=search&paid_fl=n&search_uuid=363e309a-264b-401f-9bf0-475b82835ffa,51626515,2025-09-02 05:56:00
헬스케어,"디지탈헬스케어, 의료기기, 의료용 AI 영업 (대구지사)",(주)메디칼스탠다드,"['대구', '동구']",경력3년↑,초대졸↑,정규직,내일마감,/zf_user/jobs/relay/view?view_type=search&rec_idx=51629759&location=ts&searchword=%ED%97%AC%EC%8A%A4%EC%BC%80%EC%96%B4&searchType=search&paid_fl=n&search_uuid=363e309a-264b-401f-9bf0-475b82835ffa,51629759,2025-09-02 05:56:00
헬스케어,에이스헬스케어(주) 연구소 제품 인허가(RA) 담당자 채용,에이스헬스케어(주),"['서울', '강동구']",경력 5~15년,대졸↑,정규직,~ 09/07(일),/zf_user/jobs/relay/view?view_type=search&rec_idx=51509131&location=ts&searchword=%ED%97%AC%EC%8A%A4%EC%BC%80%EC%96%B4&searchType=search&paid_fl=n&search_uuid=363e309a-264b-401f-9bf0-475b82835ffa,51509131,2025-09-02 05:56:00
헬스케어,[에이스헬스케어(주)] 의료기기 국내 영업 담당(신입 가능),에이스헬스케어(주),"['서울', '강동구']",신입·경력,대졸↑,정규직,~ 10/01(수),/zf_user/jobs/relay/view?view_type=search&rec_idx=51701049&location=ts&searchword=%ED%97%AC%EC%8A%A4%EC%BC%80%EC%96%B4&searchType=search&paid_fl=n&search_uuid=363e309a-264b-401f-9bf0-475b82835ffa,51701049,2025-09-02 05:56:00
헬스케어,SW헬스케어의약품사업부 영업지원 모집 (경력),(주)에스더블유헬스케어,"['인천', '서구']",경력 2~10년,고졸↑,정규직,채용시,/zf_user/jobs/relay/view?view_type=search&rec_idx=51407267&location=ts&searchword=%ED%97%AC%EC%8A%A4%EC%BC%80%EC%96%B4&searchType=search&paid_fl=n&search_uuid=363e309a-264b-401f-9bf0-475b82835ffa,51407267,2025-09-02 05:56:00
헬스케어,[업계상위/연봉상향]헬스케어/식품 브랜드매니저(팀장급) 채용,(주)사람인에이치에스,"['서울', '성동구']",경력7년↑,대졸↑,정규직,채용시,/zf_user/jobs/relay/view?view_type=search&rec_idx=51619854&location=ts&searchword=%ED%97%AC%EC%8A%A4%EC%BC%80%EC%96%B4&searchType=search&paid_fl=n&search_uuid=363e309a-264b-401f-9bf0-475b82835ffa,51619854,2025-09-02 05:56:00
헬스케어,[업계상위/연봉상향]헬스케어/식품 브랜드매니저 경력 채용,(주)사람인에이치에스,"['서울', '성동구']",경력7년↑,대졸↑,정규직,~ 09/06(토),/zf_user/jobs/relay/view?view_type=search&rec_idx=51631422&location=ts&searchword=%ED%97%AC%EC%8A%A4%EC%BC%80%EC%96%B4&searchType=search&paid_fl=n&search_uuid=363e309a-264b-401f-9bf0-475b82835ffa,51631422,2025-09-02 05:56:00
헬스케어,의료기기 홈헬스케어영업부 신입 및 경력사원 모집,수도헬스케어(주),"['서울', '영등포구']",경력무관,초대졸↑,정규직,~ 09/26(금),/zf_user/jobs/relay/view?view_type=search&rec_idx=51680292&location=ts&searchword=%ED%97%AC%EC%8A%A4%EC%BC%80%EC%96%B4&searchType=search&paid_fl=n&search_uuid=363e309a-264b-401f-9bf0-475b82835ffa,51680292,2025-09-02 05:56:00
헬스케어,제약&헬스케어: 마케팅 기획 정규직 경력 채용[팀원],(주) 아이파트너스코리아,"['서울', '성동구']",경력 2~4년,대졸↑,정규직,~ 09/28(일),/zf_user/jobs/relay/view?view_type=search&rec_idx=51688578&location=ts&searchword=%ED%97%AC%EC%8A%A4%EC%BC%80%EC%96%B4&searchType=search&paid_fl=n&search_uuid=363e309a-264b-401f-9bf0-475b82835ffa,51688578,2025-09-02 05:56:00
헬스케어,홈헬스케어서비스 영업직,바이탈에어코리아(주),"['서울', '송파구']",신입·경력,대졸↑,정규직,~ 09/27(토),/zf_user/jobs/relay/view?view_type=search&rec_idx=51683005&location=ts&searchword=%ED%97%AC%EC%8A%A4%EC%BC%80%EC%96%B4&searchType=search&paid_fl=n&search_uuid=363e309a-264b-401f-9bf0-475b82835ffa,51683005,2025-09-02 05:56:00
헬스케어,홈헬스케어상담 간호사,바이탈에어코리아(주),"['서울', '송파구']",경력 2~9년,초대졸↑,정규직,~ 10/01(수),/zf_user/jobs/relay/view?view_type=search&rec_idx=51707545&location=ts&searchword=%ED%97%AC%EC%8A%A4%EC%BC%80%EC%96%B4&searchType=search&paid_fl=n&search_uuid=363e309a-264b-401f-9bf0-475b82835ffa,51707545,2025-09-02 05:56:00
헬스케어,[이그니스]헬스케어사업본부 경력직 공개 채용,(주)이그니스,"['서울', '성동구']",경력 3~15년,대졸↑,정규직,~ 09/23(화),/zf_user/jobs/relay/view?view_type=search&rec_idx=51396423&location=ts&searchword=%ED%97%AC%EC%8A%A4%EC%BC%80%EC%96%B4&searchType=search&paid_fl=n&search_uuid=363e309a-264b-401f-9bf0-475b82835ffa,51396423,2025-09-02 05:56:00
헬스케어,[경력]헬스케어병원 영업 담당자,(주)카카오헬스케어,"['경기', '성남시 분당구']",경력 3~10년,학력무관,정규직,~ 09/15(월),/zf_user/jobs/relay/view?view_type=search&rec_idx=51612528&location=ts&searchword=%ED%97%AC%EC%8A%A4%EC%BC%80%EC%96%B4&searchType=search&paid_fl=n&search_uuid=363e309a-264b-401f-9bf0-475b82835ffa,51612528,2025-09-02 05:56:00
헬스케어,HLB(주)헬스케어환경미화담당 채용,에이치엘비(주)헬스케어,['세종특별자치시'],경력무관,학력무관,정규직·계약직,~ 09/27(토),/zf_user/jobs/relay/view?view_type=search&rec_idx=51417952&location=ts&searchword=%ED%97%AC%EC%8A%A4%EC%BC%80%EC%96%B4&searchType=search&paid_fl=n&search_uuid=363e309a-264b-401f-9bf0-475b82835ffa,51417952,2025-09-02 05:56:00
헬스케어,HLB(주)헬스케어마케팅본부 마케팅팀 디자이너 채용,에이치엘비(주)헬스케어,['세종특별자치시'],신입·경력,초대졸↑,정규직,~ 09/21(일),/zf_user/jobs/relay/view?view_type=search&rec_idx=51369703&location=ts&searchword=%ED%97%AC%EC%8A%A4%EC%BC%80%EC%96%B4&searchType=search&paid_fl=n&search_uuid=363e309a-264b-401f-9bf0-475b82835ffa,51369703,2025-09-02 05:56:00
헬스케어,HLB(주)헬스케어기술연구소 경력직 연구원 채용,에이치엘비(주)헬스케어,['세종특별자치시'],경력5년↑,대졸↑,정규직,~ 10/10(금),/zf_user/jobs/relay/view?view_type=search&rec_idx=51522339&location=ts&searchword=%ED%97%AC%EC%8A%A4%EC%BC%80%EC%96%B4&searchType=search&paid_fl=n&search_uuid=363e309a-264b-401f-9bf0-475b82835ffa,51522339,2025-09-02 05:56:00
헬스케어,HLB(주)헬스케어영업본부 영업직(OTC/화장품) 채용,에이치엘비(주)헬스케어,['세종특별자치시'],경력3년↑,학력무관,정규직,~ 09/17(수),/zf_user/jobs/relay/view?view_type=search&rec_idx=51573588&location=ts&searchword=%ED%97%AC%EC%8A%A4%EC%BC%80%EC%96%B4&searchType=search&paid_fl=n&search_uuid=363e309a-264b-401f-9bf0-475b82835ffa,51573588,2025-09-02 05:56:00
헬스케어,[(주)퍼슨헬스케어] 제약 마케팅 경력 채용,(주)퍼슨헬스케어,"['서울', '금천구']",경력 2~15년,대졸↑,정규직,~ 09/27(토),/zf_user/jobs/relay/view?view_type=search&rec_idx=51675550&location=ts&searchword=%ED%97%AC%EC%8A%A4%EC%BC%80%EC%96%B4&searchType=search&paid_fl=n&search_uuid=363e309a-264b-401f-9bf0-475b82835ffa,51675550,2025-09-02 05:56:00
헬스케어,[국내유명헬스케어컨설팅그룹] 전략 컨설턴트(경력직),(주)에이치알그룹,"['서울', '서초구']",경력4년↑,대졸↑,정규직,~ 09/16(화),/zf_user/jobs/relay/view?view_type=search&rec_idx=51702997&location=ts&searchword=%ED%97%AC%EC%8A%A4%EC%BC%80%EC%96%B4&searchType=search&paid_fl=n&search_uuid=363e309a-264b-401f-9bf0-475b82835ffa,51702997,2025-09-02 05:56:00
헬스케어,멘리케헬스케어- Clinical Specialist,멘리케헬스케어코리아(주),"['서울', '송파구']",경력 3~5년,대졸↑,정규직,~ 10/19(일),/zf_user/jobs/relay/view?view_type=search&rec_idx=51607336&location=ts&searchword=%ED%97%AC%EC%8A%A4%EC%BC%80%EC%96%B4&searchType=search&paid_fl=n&search_uuid=363e309a-264b-401f-9bf0-475b82835ffa,51607336,2025-09-02 05:56:00
헬스케어,디지털헬스케어연구행정 담당자 채용,주식회사 스피어코퍼레이션,"['서울', '강남구']",경력무관,학력무관,정규직,채용시,/zf_user/jobs/relay/view?view_type=search&rec_idx=51277905&location=ts&searchword=%ED%97%AC%EC%8A%A4%EC%BC%80%EC%96%B4&searchType=search&paid_fl=n&search_uuid=363e309a-264b-401f-9bf0-475b82835ffa,51277905,2025-09-02 05:56:00
헬스케어,[헬스케어서비스] 물류/포장 담당 매니저,솔닥(주),"['서울', '강남구']",경력,학력무관,정규직,내일마감,/zf_user/jobs/relay/view?view_type=search&rec_idx=51468046&location=ts&searchword=%ED%97%AC%EC%8A%A4%EC%BC%80%EC%96%B4&searchType=search&paid_fl=n&search_uuid=363e309a-264b-401f-9bf0-475b82835ffa,51468046,2025-09-02 05:56:00
헬스케어,[디지털헬스케어] 의료AI 솔루션 임상연구 및 관리,(주)엑소시스템즈,"['경기', '성남시 수정구']",경력 3~10년,대졸↑,정규직·파트,~ 09/08(월),/zf_user/jobs/relay/view?view_type=search&rec_idx=51519053&location=ts&searchword=%ED%97%AC%EC%8A%A4%EC%BC%80%EC%96%B4&searchType=search&paid_fl=n&search_uuid=363e309a-264b-401f-9bf0-475b82835ffa,51519053,2025-09-02 05:56:00
헬스케어,AI헬스케어스타트업에서 R&D 기획 담당자 채용 (이공계 전공),(주)유비아이리스,"['대전', '서구']",신입·경력,석사↑,정규직·계약직,~ 09/14(일),/zf_user/jobs/relay/view?view_type=search&rec_idx=51315254&location=ts&searchword=%ED%97%AC%EC%8A%A4%EC%BC%80%EC%96%B4&searchType=search&paid_fl=n&search_uuid=363e309a-264b-401f-9bf0-475b82835ffa,51315254,2025-09-02 05:56:00
헬스케어,[경력]디지털헬스케어서비스 기획 주니어,주식회사 세나클,"['서울', '강남구']",경력 1~3년,학력무관,정규직,~ 10/11(토),/zf_user/jobs/relay/view?view_type=search&rec_idx=51539354&location=ts&searchword=%ED%97%AC%EC%8A%A4%EC%BC%80%EC%96%B4&searchType=search&paid_fl=n&search_uuid=363e309a-264b-401f-9bf0-475b82835ffa,51539354,2025-09-02 05:56:00
헬스케어,헬스케어연구과제 기획자 모집,(주)어반데이터랩,"['서울', '강남구']",경력3년↑,학력무관,정규직,~ 09/07(일),/zf_user/jobs/relay/view?view_type=search&rec_idx=51251735&location=ts&searchword=%ED%97%AC%EC%8A%A4%EC%BC%80%EC%96%B4&searchType=search&paid_fl=n&search_uuid=363e309a-264b-401f-9bf0-475b82835ffa,51251735,2025-09-02 05:56:00
헬스케어,[헬스케어/스타트업] 콘텐츠 마케터 채용,(주)엑서체인,"['서울', '강남구']",신입·경력,대졸↑,정규직·계약직,내일마감,/zf_user/jobs/relay/view?view_type=search&rec_idx=51463323&location=ts&searchword=%ED%97%AC%EC%8A%A4%EC%BC%80%EC%96%B4&searchType=search&paid_fl=n&search_uuid=363e309a-264b-401f-9bf0-475b82835ffa,51463323,2025-09-02 05:56:00
헬스케어,[스포애니 케이디헬스케어] 본사 회계팀 경력직 채용,(주)케이디헬스케어,"['서울', '송파구']",신입·경력,초대졸↑,정규직,~ 10/11(토),/zf_user/jobs/relay/view?view_type=search&rec_idx=51534506&location=ts&searchword=%ED%97%AC%EC%8A%A4%EC%BC%80%EC%96%B4&searchType=search&paid_fl=n&search_uuid=363e309a-264b-401f-9bf0-475b82835ffa,51534506,2025-09-02 05:56:00
헬스케어,[글로벌헬스케어플랫폼] 회계 담당자,(주)코리아휴먼리소시스,"['서울', '강남구']",경력7년↑,대졸↑,정규직,내일마감,/zf_user/jobs/relay/view?view_type=search&rec_idx=51591795&location=ts&searchword=%ED%97%AC%EC%8A%A4%EC%BC%80%EC%96%B4&searchType=search&paid_fl=n&search_uuid=363e309a-264b-401f-9bf0-475b82835ffa,51591795,2025-09-02 05:56:00
헬스케어,병원 의원 영업 매니져 (헬스케어솔루션 영업),클라우드호스피탈(주),"['서울', '강남구']",경력무관,학력무관,정규직,~ 09/19(금),/zf_user/jobs/relay/view?view_type=search&rec_idx=51601927&location=ts&searchword=%ED%97%AC%EC%8A%A4%EC%BC%80%EC%96%B4&searchType=search&paid_fl=n&search_uuid=363e309a-264b-401f-9bf0-475b82835ffa,51601927,2025-09-02 05:56:00
